{"tissue_hires_scalef": 0.12891582, "tissue_lowres_scalef": 0.038674746, "fiducial_diameter_fullres": 192.90632145056807, "spot_diameter_fullres": 119.41819899320882}