PC,Proportion.Variance.Explained
1,0.014785624396247175
2,0.0055181021313434435
3,0.00261715919459885
4,0.002413144167136292
5,0.0018482514607163119
6,0.0016731912784454378
7,0.00127400980931096
8,0.0012310048809570423
9,0.001147609545994002
10,0.0009671446079270498
