{"tissue_hires_scalef": 0.12891582, "tissue_lowres_scalef": 0.038674746, "fiducial_diameter_fullres": 196.92523648471223, "spot_diameter_fullres": 121.90609877625043}