PC,Proportion.Variance.Explained
1,0.010798721544613036
2,0.008857590713726996
3,0.0038787456845020838
4,0.0030441158113154003
5,0.0017526334477668232
6,0.0015158745433233763
7,0.0011483174580031303
8,0.0008606439985780455
9,0.0007649470320462542
10,0.0007494335288362141
