PC,Proportion.Variance.Explained
1,0.025889940891886315
2,0.0031474704830975657
3,0.002482609997553592
4,0.0018757665404065516
5,0.0012611811010829592
6,0.0010509522481896476
7,0.0007382406345488502
8,0.0007056382431866052
9,0.0006746213236600646
10,0.000633264061547877
