{"tissue_hires_scalef": 0.067608684, "tissue_lowres_scalef": 0.020282604, "fiducial_diameter_fullres": 291.2128947301725, "spot_diameter_fullres": 180.27464911867824}