"gene_id","gene_name","t_stat","p_val","FDR"
"ENSG00000130208","APOC1",5.01752730054323,4.41806681148082e-06,0.0499771717714711
