{"tissue_hires_scalef": 0.07077141, "tissue_lowres_scalef": 0.021231422, "fiducial_diameter_fullres": 291.45523000000003, "spot_diameter_fullres": 180.42466999999996}