PC,Proportion.Variance.Explained
1,0.01973818114894854
2,0.0032237856057910834
3,0.0026829708200958044
4,0.001728960418377448
5,0.0012620555885874752
6,0.0010836072050881347
7,0.0010203136552513151
8,0.0009107802498976327
9,0.0008269468784314444
10,0.0007688739859571422
