"gene_id","gene_name","gene_type","pvalue","adj.P.Val","logFC"
"ENSG00000182698","RESP18","protein_coding",9.21884352874088e-08,0.00107510153232176,3.04330965117846
"ENSG00000055732","MCOLN3","protein_coding",8.55160516796629e-06,0.0498644097344115,0.926031839665559
