"gene_id","gene_name","gene_type","pvalue","FDR","logFC"
"ENSG00000176887","SOX11","protein_coding",2.96760304399385e-06,0.0256591947166484,5.79175619979819
"ENSG00000214279","SCART1","protein_coding",5.84026282386444e-06,0.0256591947166484,-4.08547753635106
"ENSG00000144119","C1QL2","protein_coding",1.03283008929797e-05,0.0302515933155376,-2.90070411094453
