"gene_id","gene_name","gene_type","pvalue","FDR","logFC"
"ENSG00000173110","HSPA6","protein_coding",7.06408473410308e-06,0.0190723257474183,11.8072294439353
"ENSG00000204389","HSPA1A","protein_coding",1.04106581590711e-05,0.0190723257474183,5.48874126796214
"ENSG00000168542","COL3A1","protein_coding",1.86778712185681e-05,0.0228119067149445,6.74085232209163
"ENSG00000151929","BAG3","protein_coding",3.92622891793753e-05,0.023331202401614,6.38310450677629
"ENSG00000132002","DNAJB1","protein_coding",3.95399422533272e-05,0.023331202401614,5.29026090899725
"ENSG00000204388","HSPA1B","protein_coding",4.42948125072756e-05,0.023331202401614,5.56355942905385
"ENSG00000108821","COL1A1","protein_coding",4.45738037148738e-05,0.023331202401614,5.25353196550864
