"gene_id","gene_name","gene_type","pvalue","FDR","logFC"
"ENSG00000133636","NTS","protein_coding",2.51261344231417e-06,0.0243349342293471,3.8136971180651
"ENSG00000158710","TAGLN2","protein_coding",5.24384523474099e-06,0.0243349342293471,2.77993294878545
"ENSG00000204287","HLA-DRA","protein_coding",8.31971345887201e-06,0.0243349342293471,-4.59935706968527
"ENSG00000019582","CD74","protein_coding",9.63368235069031e-06,0.0243349342293471,-3.83605034672128
"ENSG00000160678","S100A1","protein_coding",1.15004415072529e-05,0.0243349342293471,-4.08989154796306
"ENSG00000119125","GDA","protein_coding",1.87801247202971e-05,0.0280750672836631,2.52229800908033
"ENSG00000231389","HLA-DPA1","protein_coding",2.34326303119673e-05,0.0280750672836631,-8.18381534215363
"ENSG00000178860","MSC","protein_coding",2.36579984879159e-05,0.0280750672836631,-3.17367039605844
"ENSG00000117115","PADI2","protein_coding",2.38823823774072e-05,0.0280750672836631,-3.0910496262249
