"gene_id","gene_name","gene_type","pvalue","FDR","logFC"
"ENSG00000106236","NPTX2","protein_coding",1.16025459532804e-06,0.0129287169557404,2.01365312459819
"ENSG00000102265","TIMP1","protein_coding",8.02517623344174e-06,0.029914342842144,1.9687859605045
"ENSG00000006327","TNFRSF12A","protein_coding",8.05375828111208e-06,0.029914342842144,2.98266907202734
