"gene_id","gene_name","gene_type","pvalue","adj.P.Val","logFC"
"ENSG00000165272","AQP3","protein_coding",1.648134785975e-06,0.0150391547968271,2.85951197291534
"ENSG00000124225","PMEPA1","protein_coding",2.80372013363668e-06,0.0150391547968271,1.51366751151521
"ENSG00000255931","AP003108.1","lncRNA",7.88737629568174e-06,0.0282052576333579,3.12734308966806
