PC,Proportion.Variance.Explained
1,0.02876219381206216
2,0.004597511541063582
3,0.0034333311443418076
4,0.003036768999072529
5,0.0016771452024256265
6,0.0010594760342215908
7,0.0009408000017733127
8,0.0007739527063809371
9,0.0007031022474927895
10,0.0006178488662553992
