{"tissue_hires_scalef": 0.08245722, "tissue_lowres_scalef": 0.024737168, "fiducial_diameter_fullres": 291.0695999999999, "spot_diameter_fullres": 180.18594000000002}