{"tissue_hires_scalef": 0.082453825, "tissue_lowres_scalef": 0.024736147, "fiducial_diameter_fullres": 290.77844, "spot_diameter_fullres": 180.00569999999993}