PC,Proportion.Variance.Explained
1,0.023010636148057758
2,0.003788914280132741
3,0.002725020581481493
4,0.001967634676520388
5,0.0013148719097573543
6,0.0012348413628771497
7,0.0009883817839710276
8,0.0007981855857942947
9,0.0007574454439356874
10,0.0007390913320597935
