PC,Proportion.Variance.Explained
1,0.02190378744235014
2,0.0031353392332017353
3,0.0023081545088175044
4,0.0016680999485228518
5,0.0010677165590771318
6,0.0010234085424970698
7,0.0009660185800100307
8,0.0008259386027701535
9,0.0007159063197660216
10,0.0006710874540427847
