{"tissue_hires_scalef": 0.07077141, "tissue_lowres_scalef": 0.021231422, "fiducial_diameter_fullres": 291.0471499999999, "spot_diameter_fullres": 180.17203999999998}