{"tissue_hires_scalef": 0.12887429, "tissue_lowres_scalef": 0.038662285, "fiducial_diameter_fullres": 192.54686884509897, "spot_diameter_fullres": 119.19568071363271}