PC,Proportion.Variance.Explained
1,0.016033485215843985
2,0.007446196284547421
3,0.005445652079707378
4,0.002630054007682249
5,0.002174628150805047
6,0.002003802120457993
7,0.0016858217099704792
8,0.0010055840625447252
9,0.0008738467789045868
10,0.0007574919331938027
