{"tissue_hires_scalef": 0.12891582, "tissue_lowres_scalef": 0.038674746, "fiducial_diameter_fullres": 193.30518490306147, "spot_diameter_fullres": 119.66511446379995}