{"tissue_hires_scalef": 0.081396766, "tissue_lowres_scalef": 0.02441903, "fiducial_diameter_fullres": 291.07491999999996, "spot_diameter_fullres": 180.18923999999998}