{"tissue_hires_scalef": 0.12891582, "tissue_lowres_scalef": 0.038674746, "fiducial_diameter_fullres": 191.75271468983246, "spot_diameter_fullres": 118.70406147465818}