PC,Proportion.Variance.Explained
1,0.02093100228485398
2,0.0032819959666766053
3,0.0029484236702951366
4,0.0018065447872802295
5,0.0014495132552466675
6,0.0011872524388283742
7,0.0009182625472010379
8,0.0007435274878595487
9,0.0006608160520475055
10,0.0006099369823518937
